<?xml version="1.0" encoding="UTF-8"?>
<project-private xmlns="http://www.netbeans.org/ns/project-private/1">
    <editor-bookmarks xmlns="http://www.netbeans.org/ns/editor-bookmarks/2" lastBookmarkId="0"/>
    <open-files xmlns="http://www.netbeans.org/ns/projectui-open-files/2">
        <group>
            <file>file:/C:/Users/Asus/Downloads/FixedLibraryApp/FixedLibraryApp/FixedLibraryApp/src/libraryapp/LibraryApp.java</file>
            <file>file:/C:/Users/Asus/Downloads/FixedLibraryApp/FixedLibraryApp/FixedLibraryApp/src/libraryapp/Node.java</file>
            <file>file:/C:/Users/Asus/Downloads/FixedLibraryApp/FixedLibraryApp/FixedLibraryApp/src/libraryapp/Library.java</file>
            <file>file:/C:/Users/Asus/Downloads/FixedLibraryApp/FixedLibraryApp/FixedLibraryApp/src/libraryapp/SinglyLinkedList.java</file>
        </group>
    </open-files>
</project-private>
